oblast,week_ending,total_damaged_buildings
Autonomous Republic of Crimea,2026-07-05,2
Chernihivska,2026-07-05,4
Dnipropetrovska,2026-07-05,11
Donetska,2026-07-05,1
Kharkivska,2026-07-05,5
Poltavska,2026-07-05,1
Sumska,2026-07-05,2
Zaporizka,2026-07-05,8
Autonomous Republic of Crimea,2026-06-28,8
Chernihivska,2026-06-28,10
Dnipropetrovska,2026-06-28,35
Donetska,2026-06-28,3
Kharkivska,2026-06-28,15
Khersonska,2026-06-28,3
Kyiv,2026-06-28,2
Mykolaivska,2026-06-28,1
Odeska,2026-06-28,1
Poltavska,2026-06-28,2
Sevastopol,2026-06-28,1
Sumska,2026-06-28,14
Zaporizka,2026-06-28,16
Autonomous Republic of Crimea,2026-06-21,2
Chernihivska,2026-06-21,1
Dnipropetrovska,2026-06-21,38
Donetska,2026-06-21,7
Kharkivska,2026-06-21,13
Khersonska,2026-06-21,1
Kirovohradska,2026-06-21,2
Kyiv,2026-06-21,18
Kyivska,2026-06-21,3
Mykolaivska,2026-06-21,2
Odeska,2026-06-21,2
Poltavska,2026-06-21,5
Sumska,2026-06-21,19
Zaporizka,2026-06-21,14
Autonomous Republic of Crimea,2026-06-14,5
Chernihivska,2026-06-14,5
Dnipropetrovska,2026-06-14,38
Donetska,2026-06-14,4
Kharkivska,2026-06-14,21
Khersonska,2026-06-14,2
Mykolaivska,2026-06-14,1
Poltavska,2026-06-14,2
Sumska,2026-06-14,3
Zaporizka,2026-06-14,6
Zhytomyrska,2026-06-14,1
Autonomous Republic of Crimea,2026-06-07,1
Chernihivska,2026-06-07,9
Dnipropetrovska,2026-06-07,31
Kharkivska,2026-06-07,19
Khersonska,2026-06-07,2
Khmelnytska,2026-06-07,1
Kyiv,2026-06-07,30
Kyivska,2026-06-07,6
Mykolaivska,2026-06-07,1
Odeska,2026-06-07,9
Poltavska,2026-06-07,2
Sumska,2026-06-07,11
Zaporizka,2026-06-07,12
Autonomous Republic of Crimea,2026-05-31,2
Chernihivska,2026-05-31,9
Dnipropetrovska,2026-05-31,22
Donetska,2026-05-31,11
Kharkivska,2026-05-31,4
Khersonska,2026-05-31,4
Mykolaivska,2026-05-31,1
Odeska,2026-05-31,4
Rivnenska,2026-05-31,1
Sumska,2026-05-31,7
Zaporizka,2026-05-31,2
Cherkaska,2026-05-24,1
Chernihivska,2026-05-24,27
Dnipropetrovska,2026-05-24,34
Donetska,2026-05-24,2
Kharkivska,2026-05-24,19
Khersonska,2026-05-24,1
Kyiv,2026-05-24,38
Kyivska,2026-05-24,3
Odeska,2026-05-24,6
Poltavska,2026-05-24,2
Sumska,2026-05-24,12
Zaporizka,2026-05-24,3
Cherkaska,2026-05-17,1
Chernihivska,2026-05-17,8
Dnipropetrovska,2026-05-17,16
Donetska,2026-05-17,1
Ivano-Frankivska,2026-05-17,5
Kharkivska,2026-05-17,20
Kyiv,2026-05-17,6
Kyivska,2026-05-17,4
Lvivska,2026-05-17,1
Mykolaivska,2026-05-17,1
Odeska,2026-05-17,2
Poltavska,2026-05-17,4
Sumska,2026-05-17,2
Volynska,2026-05-17,3
Zakarpatska,2026-05-17,3
Zaporizka,2026-05-17,4
Chernihivska,2026-05-10,9
Dnipropetrovska,2026-05-10,29
Donetska,2026-05-10,6
Kharkivska,2026-05-10,22
Khersonska,2026-05-10,1
Kyivska,2026-05-10,2
Mykolaivska,2026-05-10,1
Odeska,2026-05-10,1
Poltavska,2026-05-10,4
Sumska,2026-05-10,7
Zaporizka,2026-05-10,10
Cherkaska,2026-05-03,3
Chernihivska,2026-05-03,6
Dnipropetrovska,2026-05-03,27
Donetska,2026-05-03,2
Kharkivska,2026-05-03,20
Khersonska,2026-05-03,5
Kyiv,2026-05-03,2
Odeska,2026-05-03,10
Poltavska,2026-05-03,1
Sumska,2026-05-03,11
Ternopilska,2026-05-03,1
Vinnytska,2026-05-03,5
Zaporizka,2026-05-03,1
Chernihivska,2026-04-26,20
Dnipropetrovska,2026-04-26,26
Donetska,2026-04-26,14
Kharkivska,2026-04-26,19
Kyivska,2026-04-26,3
Mykolaivska,2026-04-26,1
Odeska,2026-04-26,3
Sumska,2026-04-26,1
Zaporizka,2026-04-26,8
Chernihivska,2026-04-19,8
Dnipropetrovska,2026-04-19,27
Donetska,2026-04-19,6
Kharkivska,2026-04-19,14
Khersonska,2026-04-19,4
Kyiv,2026-04-19,10
Kyivska,2026-04-19,1
Odeska,2026-04-19,9
Poltavska,2026-04-19,2
Sumska,2026-04-19,5
Zaporizka,2026-04-19,9
Autonomous Republic of Crimea,2026-04-12,1
Chernihivska,2026-04-12,7
Dnipropetrovska,2026-04-12,26
Donetska,2026-04-12,4
Kharkivska,2026-04-12,11
Khersonska,2026-04-12,2
Odeska,2026-04-12,9
Sumska,2026-04-12,5
Chernihivska,2026-04-05,3
Dnipropetrovska,2026-04-05,628
Donetska,2026-04-05,15
Kharkivska,2026-04-05,27
Khmelnytska,2026-04-05,3
Kyivska,2026-04-05,9
Odeska,2026-04-05,3
Poltavska,2026-04-05,2
Sumska,2026-04-05,6
Ternopilska,2026-04-05,1
Volynska,2026-04-05,2
Zaporizka,2026-04-05,2
Zhytomyrska,2026-04-05,2
Chernihivska,2026-03-29,12
Dnipropetrovska,2026-03-29,17
Donetska,2026-03-29,14
Ivano-Frankivska,2026-03-29,1
Kharkivska,2026-03-29,24
Khersonska,2026-03-29,14
Kirovohradska,2026-03-29,1
Kyivska,2026-03-29,3
Lvivska,2026-03-29,2
Mykolaivska,2026-03-29,4
Odeska,2026-03-29,22
Poltavska,2026-03-29,4
Sumska,2026-03-29,10
Ternopilska,2026-03-29,2
Zaporizka,2026-03-29,7
Chernihivska,2026-03-22,10
Dnipropetrovska,2026-03-22,15
Donetska,2026-03-22,5
Kharkivska,2026-03-22,9
Khersonska,2026-03-22,2
Kyiv,2026-03-22,1
Kyivska,2026-03-22,1
Mykolaivska,2026-03-22,1
Odeska,2026-03-22,13
Sumska,2026-03-22,10
Zaporizka,2026-03-22,9
Cherkaska,2026-03-15,1
Chernihivska,2026-03-15,6
Dnipropetrovska,2026-03-15,31
Donetska,2026-03-15,11
Kharkivska,2026-03-15,18
Khersonska,2026-03-15,3
Kyiv,2026-03-15,1
Kyivska,2026-03-15,9
Mykolaivska,2026-03-15,1
Sumska,2026-03-15,9
Zaporizka,2026-03-15,2
Dnipropetrovska,2026-03-08,27
Donetska,2026-03-08,10
Kharkivska,2026-03-08,5
Khersonska,2026-03-08,2
Khmelnytska,2026-03-08,1
Mykolaivska,2026-03-08,1
Odeska,2026-03-08,1
Poltavska,2026-03-08,1
Sumska,2026-03-08,1
Chernihivska,2026-03-01,4
Dnipropetrovska,2026-03-01,17
Donetska,2026-03-01,5
Kharkivska,2026-03-01,16
Khersonska,2026-03-01,2
Kyivska,2026-03-01,3
Odeska,2026-03-01,13
Poltavska,2026-03-01,2
Sumska,2026-03-01,6
Zaporizka,2026-03-01,7
Chernihivska,2026-02-22,3
Dnipropetrovska,2026-02-22,51
Donetska,2026-02-22,1
Ivano-Frankivska,2026-02-22,1
Kharkivska,2026-02-22,4
Khersonska,2026-02-22,11
Kirovohradska,2026-02-22,1
Kyiv,2026-02-22,1
Kyivska,2026-02-22,11
Luhanska,2026-02-22,1
Mykolaivska,2026-02-22,1
Odeska,2026-02-22,8
Poltavska,2026-02-22,3
Sevastopol,2026-02-22,1
Sumska,2026-02-22,7
Zaporizka,2026-02-22,2
Chernihivska,2026-02-15,3
Dnipropetrovska,2026-02-15,24
Donetska,2026-02-15,21
Kharkivska,2026-02-15,9
Khersonska,2026-02-15,4
Kyiv,2026-02-15,2
Kyivska,2026-02-15,2
Odeska,2026-02-15,16
Sumska,2026-02-15,10
Volynska,2026-02-15,1
Zaporizka,2026-02-15,4
Cherkaska,2026-02-08,3
Chernihivska,2026-02-08,4
Dnipropetrovska,2026-02-08,42
Donetska,2026-02-08,8
Ivano-Frankivska,2026-02-08,2
Kharkivska,2026-02-08,7
Khersonska,2026-02-08,6
Kirovohradska,2026-02-08,2
Kyiv,2026-02-08,12
Kyivska,2026-02-08,1
Lvivska,2026-02-08,2
Mykolaivska,2026-02-08,1
Odeska,2026-02-08,7
Poltavska,2026-02-08,1
Sumska,2026-02-08,2
Vinnytska,2026-02-08,1
Volynska,2026-02-08,1
Zaporizka,2026-02-08,6
Autonomous Republic of Crimea,2026-02-01,2
Chernihivska,2026-02-01,4
Dnipropetrovska,2026-02-01,39
Donetska,2026-02-01,91
Kharkivska,2026-02-01,13
Khersonska,2026-02-01,8
Kyivska,2026-02-01,1
Luhanska,2026-02-01,1
Lvivska,2026-02-01,1
Mykolaivska,2026-02-01,1
Odeska,2026-02-01,9
Sevastopol,2026-02-01,2
Sumska,2026-02-01,3
Zaporizka,2026-02-01,6
Chernihivska,2026-01-25,6
Dnipropetrovska,2026-01-25,48
Donetska,2026-01-25,5
Kharkivska,2026-01-25,11
Kyiv,2026-01-25,11
Kyivska,2026-01-25,7
Mykolaivska,2026-01-25,1
Odeska,2026-01-25,6
Poltavska,2026-01-25,3
Sumska,2026-01-25,5
Zaporizka,2026-01-25,7
Chernihivska,2026-01-18,4
Dnipropetrovska,2026-01-18,22
Donetska,2026-01-18,5
Kharkivska,2026-01-18,8
Khersonska,2026-01-18,2
Khmelnytska,2026-01-18,3
Kyiv,2026-01-18,2
Lvivska,2026-01-18,5
Odeska,2026-01-18,16
Sumska,2026-01-18,7
Zaporizka,2026-01-18,2
Cherkaska,2026-01-11,1
Chernihivska,2026-01-11,8
Dnipropetrovska,2026-01-11,43
Donetska,2026-01-11,3
Kharkivska,2026-01-11,2
Khersonska,2026-01-11,6
Kirovohradska,2026-01-11,1
Kyiv,2026-01-11,10
Kyivska,2026-01-11,3
Odeska,2026-01-11,3
Poltavska,2026-01-11,1
Sumska,2026-01-11,1
Zaporizka,2026-01-11,1
Cherkaska,2026-01-04,3
Chernihivska,2026-01-04,2
Dnipropetrovska,2026-01-04,20
Donetska,2026-01-04,11
Kharkivska,2026-01-04,2
Khersonska,2026-01-04,3
Mykolaivska,2026-01-04,1
Odeska,2026-01-04,10
Sumska,2026-01-04,3
Volynska,2026-01-04,1
Zaporizka,2026-01-04,3
Cherkaska,2025-12-28,3
Chernihivska,2025-12-28,6
Dnipropetrovska,2025-12-28,18
Donetska,2025-12-28,1
Kharkivska,2025-12-28,5
Khersonska,2025-12-28,15
Khmelnytska,2025-12-28,1
Kyiv,2025-12-28,4
Kyivska,2025-12-28,1
Mykolaivska,2025-12-28,2
Odeska,2025-12-28,15
Poltavska,2025-12-28,1
Rivnenska,2025-12-28,1
Sumska,2025-12-28,2
Ternopilska,2025-12-28,1
Volynska,2025-12-28,3
Zaporizka,2025-12-28,4
Zhytomyrska,2025-12-28,6
Cherkaska,2025-12-21,1
Chernihivska,2025-12-21,4
Dnipropetrovska,2025-12-21,27
Donetska,2025-12-21,10
Kharkivska,2025-12-21,3
Khersonska,2025-12-21,9
Mykolaivska,2025-12-21,2
Odeska,2025-12-21,9
Sumska,2025-12-21,10
Zaporizka,2025-12-21,6
Chernihivska,2025-12-14,9
Dnipropetrovska,2025-12-14,34
Donetska,2025-12-14,16
Kharkivska,2025-12-14,6
Khersonska,2025-12-14,8
Kyivska,2025-12-14,1
Mykolaivska,2025-12-14,1
Odeska,2025-12-14,11
Sumska,2025-12-14,8
Zaporizka,2025-12-14,4
Autonomous Republic of Crimea,2025-12-07,1
Chernihivska,2025-12-07,10
Dnipropetrovska,2025-12-07,44
Donetska,2025-12-07,21
Kharkivska,2025-12-07,10
Khersonska,2025-12-07,10
Kyivska,2025-12-07,4
Lvivska,2025-12-07,2
Odeska,2025-12-07,5
Volynska,2025-12-07,4
Zaporizka,2025-12-07,5
Cherkaska,2025-11-30,1
Chernihivska,2025-11-30,5
Dnipropetrovska,2025-11-30,32
Donetska,2025-11-30,10
Kharkivska,2025-11-30,2
Khersonska,2025-11-30,4
Kyiv,2025-11-30,4
Kyivska,2025-11-30,6
Mykolaivska,2025-11-30,1
Odeska,2025-11-30,2
Poltavska,2025-11-30,1
Sumska,2025-11-30,3
Zaporizka,2025-11-30,3
Autonomous Republic of Crimea,2025-11-23,3
Cherkaska,2025-11-23,1
Chernihivska,2025-11-23,5
Dnipropetrovska,2025-11-23,74
Donetska,2025-11-23,12
Ivano-Frankivska,2025-11-23,2
Kharkivska,2025-11-23,21
Khersonska,2025-11-23,3
Khmelnytska,2025-11-23,1
Lvivska,2025-11-23,7
Mykolaivska,2025-11-23,1
Odeska,2025-11-23,5
Sumska,2025-11-23,3
Ternopilska,2025-11-23,6
Zaporizka,2025-11-23,5
Autonomous Republic of Crimea,2025-11-16,1
Cherkaska,2025-11-16,2
Chernihivska,2025-11-16,9
Dnipropetrovska,2025-11-16,35
Donetska,2025-11-16,10
Kharkivska,2025-11-16,34
Khersonska,2025-11-16,13
Kirovohradska,2025-11-16,1
Kyiv,2025-11-16,11
Kyivska,2025-11-16,3
Mykolaivska,2025-11-16,2
Odeska,2025-11-16,11
Sumska,2025-11-16,6
Zaporizka,2025-11-16,2
Autonomous Republic of Crimea,2025-11-09,1
Chernihivska,2025-11-09,2
Dnipropetrovska,2025-11-09,38
Donetska,2025-11-09,28
Kharkivska,2025-11-09,20
Khersonska,2025-11-09,9
Kirovohradska,2025-11-09,2
Kyivska,2025-11-09,1
Mykolaivska,2025-11-09,6
Odeska,2025-11-09,8
Poltavska,2025-11-09,3
Sumska,2025-11-09,9
Zaporizka,2025-11-09,3
Cherkaska,2025-11-02,2
Chernihivska,2025-11-02,15
Chernivetska,2025-11-02,1
Dnipropetrovska,2025-11-02,31
Donetska,2025-11-02,15
Ivano-Frankivska,2025-11-02,1
Kharkivska,2025-11-02,16
Khersonska,2025-11-02,14
Kyivska,2025-11-02,6
Lvivska,2025-11-02,2
Mykolaivska,2025-11-02,4
Odeska,2025-11-02,1
Poltavska,2025-11-02,2
Sumska,2025-11-02,8
Vinnytska,2025-11-02,1
Zaporizka,2025-11-02,2
Cherkaska,2025-10-26,3
Chernihivska,2025-10-26,14
Dnipropetrovska,2025-10-26,32
Donetska,2025-10-26,28
Kharkivska,2025-10-26,48
Khersonska,2025-10-26,13
Kirovohradska,2025-10-26,2
Kyiv,2025-10-26,26
Kyivska,2025-10-26,6
Mykolaivska,2025-10-26,1
Odeska,2025-10-26,2
Poltavska,2025-10-26,1
Sumska,2025-10-26,7
Zaporizka,2025-10-26,4
Autonomous Republic of Crimea,2025-10-19,6
Chernihivska,2025-10-19,11
Dnipropetrovska,2025-10-19,29
Donetska,2025-10-19,92
Kharkivska,2025-10-19,21
Khersonska,2025-10-19,21
Kirovohradska,2025-10-19,1
Mykolaivska,2025-10-19,1
Odeska,2025-10-19,1
Poltavska,2025-10-19,2
Sumska,2025-10-19,5
Zaporizka,2025-10-19,3
Autonomous Republic of Crimea,2025-10-12,1
Cherkaska,2025-10-12,6
Chernihivska,2025-10-12,19
Dnipropetrovska,2025-10-12,27
Donetska,2025-10-12,36
Kharkivska,2025-10-12,21
Khersonska,2025-10-12,10
Kirovohradska,2025-10-12,1
Kyiv,2025-10-12,3
Kyivska,2025-10-12,6
Odeska,2025-10-12,14
Poltavska,2025-10-12,9
Sumska,2025-10-12,10
Zaporizka,2025-10-12,4
Autonomous Republic of Crimea,2025-10-05,1
Cherkaska,2025-10-05,1
Chernihivska,2025-10-05,10
Dnipropetrovska,2025-10-05,23
Donetska,2025-10-05,37
Ivano-Frankivska,2025-10-05,2
Kharkivska,2025-10-05,23
Khersonska,2025-10-05,11
Kirovohradska,2025-10-05,1
Kyivska,2025-10-05,1
Lvivska,2025-10-05,8
Mykolaivska,2025-10-05,1
Odeska,2025-10-05,1
Poltavska,2025-10-05,6
Sumska,2025-10-05,17
Vinnytska,2025-10-05,1
Zaporizka,2025-10-05,5
Autonomous Republic of Crimea,2025-09-28,1
Chernihivska,2025-09-28,6
Dnipropetrovska,2025-09-28,20
Donetska,2025-09-28,52
Kharkivska,2025-09-28,14
Khersonska,2025-09-28,10
Kirovohradska,2025-09-28,1
Kyiv,2025-09-28,6
Kyivska,2025-09-28,9
Luhanska,2025-09-28,3
Mykolaivska,2025-09-28,3
Odeska,2025-09-28,21
Poltavska,2025-09-28,1
Sumska,2025-09-28,11
Zaporizka,2025-09-28,23
Chernihivska,2025-09-21,8
Dnipropetrovska,2025-09-21,49
Donetska,2025-09-21,33
Kharkivska,2025-09-21,18
Khersonska,2025-09-21,3
Khmelnytska,2025-09-21,1
Kyivska,2025-09-21,2
Mykolaivska,2025-09-21,3
Odeska,2025-09-21,2
Poltavska,2025-09-21,4
Sumska,2025-09-21,3
Zaporizka,2025-09-21,9
Cherkaska,2025-09-14,2
Chernihivska,2025-09-14,7
Dnipropetrovska,2025-09-14,43
Donetska,2025-09-14,62
Kharkivska,2025-09-14,29
Khersonska,2025-09-14,6
Khmelnytska,2025-09-14,3
Kyivska,2025-09-14,4
Lvivska,2025-09-14,1
Mykolaivska,2025-09-14,2
Odeska,2025-09-14,1
Sumska,2025-09-14,19
Vinnytska,2025-09-14,6
Volynska,2025-09-14,1
Zaporizka,2025-09-14,3
Zhytomyrska,2025-09-14,8
Chernihivska,2025-09-07,10
Dnipropetrovska,2025-09-07,24
Donetska,2025-09-07,34
Ivano-Frankivska,2025-09-07,1
Kharkivska,2025-09-07,5
Khersonska,2025-09-07,3
Khmelnytska,2025-09-07,4
Kirovohradska,2025-09-07,2
Kyiv,2025-09-07,7
Kyivska,2025-09-07,8
Lvivska,2025-09-07,2
Mykolaivska,2025-09-07,2
Odeska,2025-09-07,10
Poltavska,2025-09-07,5
Sumska,2025-09-07,13
Zaporizka,2025-09-07,9
Chernihivska,2025-08-31,6
Dnipropetrovska,2025-08-31,36
Donetska,2025-08-31,54
Kharkivska,2025-08-31,8
Khersonska,2025-08-31,12
Kyiv,2025-08-31,19
Kyivska,2025-08-31,1
Mykolaivska,2025-08-31,2
Odeska,2025-08-31,3
Poltavska,2025-08-31,3
Sumska,2025-08-31,11
Vinnytska,2025-08-31,1
Zaporizka,2025-08-31,7
Chernihivska,2025-08-24,2
Dnipropetrovska,2025-08-24,30
Donetska,2025-08-24,60
Kharkivska,2025-08-24,14
Khersonska,2025-08-24,15
Kyivska,2025-08-24,1
Lvivska,2025-08-24,5
Odeska,2025-08-24,6
Poltavska,2025-08-24,3
Rivnenska,2025-08-24,1
Sumska,2025-08-24,15
Volynska,2025-08-24,1
Zakarpatska,2025-08-24,9
Zaporizka,2025-08-24,6
Chernihivska,2025-08-17,4
Dnipropetrovska,2025-08-17,28
Donetska,2025-08-17,20
Kharkivska,2025-08-17,5
Khersonska,2025-08-17,11
Mykolaivska,2025-08-17,1
Sumska,2025-08-17,12
Zaporizka,2025-08-17,1
Chernihivska,2025-08-10,9
Dnipropetrovska,2025-08-10,29
Donetska,2025-08-10,28
Kharkivska,2025-08-10,21
Khersonska,2025-08-10,8
Khmelnytska,2025-08-10,1
Kyivska,2025-08-10,2
Odeska,2025-08-10,8
Sumska,2025-08-10,16
Zaporizka,2025-08-10,6
Dnipropetrovska,2025-08-03,49
Donetska,2025-08-03,32
Kharkivska,2025-08-03,8
Khersonska,2025-08-03,9
Khmelnytska,2025-08-03,1
Kirovohradska,2025-08-03,4
Kyiv,2025-08-03,13
Kyivska,2025-08-03,5
Mykolaivska,2025-08-03,5
Sumska,2025-08-03,8
Zaporizka,2025-08-03,7
Cherkaska,2025-07-27,7
Dnipropetrovska,2025-07-27,54
Donetska,2025-07-27,36
Ivano-Frankivska,2025-07-27,2
Kharkivska,2025-07-27,21
Khersonska,2025-07-27,9
Khmelnytska,2025-07-27,5
Kyiv,2025-07-27,7
Kyivska,2025-07-27,1
Mykolaivska,2025-07-27,5
Odeska,2025-07-27,19
Sumska,2025-07-27,14
Zaporizka,2025-07-27,4
Cherkaska,2025-07-20,2
Chernihivska,2025-07-20,3
Dnipropetrovska,2025-07-20,51
Donetska,2025-07-20,35
Kharkivska,2025-07-20,16
Khersonska,2025-07-20,16
Kirovohradska,2025-07-20,1
Kyivska,2025-07-20,2
Mykolaivska,2025-07-20,5
Odeska,2025-07-20,6
Sumska,2025-07-20,12
Vinnytska,2025-07-20,4
Zaporizka,2025-07-20,4
Chernihivska,2025-07-13,2
Chernivetska,2025-07-13,3
Dnipropetrovska,2025-07-13,37
Donetska,2025-07-13,51
Kharkivska,2025-07-13,47
Khersonska,2025-07-13,21
Khmelnytska,2025-07-13,1
Kyiv,2025-07-13,16
Kyivska,2025-07-13,1
Lvivska,2025-07-13,23
Mykolaivska,2025-07-13,8
Odeska,2025-07-13,3
Sumska,2025-07-13,10
Volynska,2025-07-13,4
Zaporizka,2025-07-13,8
Zhytomyrska,2025-07-13,1
Chernihivska,2025-07-06,1
Dnipropetrovska,2025-07-06,40
Donetska,2025-07-06,62
Kharkivska,2025-07-06,42
Khersonska,2025-07-06,21
Kyiv,2025-07-06,16
Kyivska,2025-07-06,8
Mykolaivska,2025-07-06,19
Odeska,2025-07-06,6
Poltavska,2025-07-06,7
Sumska,2025-07-06,6
Zaporizka,2025-07-06,15
Zhytomyrska,2025-07-06,1
Cherkaska,2025-06-29,7
Dnipropetrovska,2025-06-29,99
Donetska,2025-06-29,34
Ivano-Frankivska,2025-06-29,1
Kharkivska,2025-06-29,17
Khersonska,2025-06-29,26
Kyiv,2025-06-29,10
Kyivska,2025-06-29,2
Lvivska,2025-06-29,1
Mykolaivska,2025-06-29,1
Odeska,2025-06-29,9
Poltavska,2025-06-29,9
Sumska,2025-06-29,12
Ternopilska,2025-06-29,1
Zaporizka,2025-06-29,4
Cherkaska,2025-06-22,1
Dnipropetrovska,2025-06-22,45
Donetska,2025-06-22,40
Kharkivska,2025-06-22,17
Khersonska,2025-06-22,11
Kyiv,2025-06-22,9
Mykolaivska,2025-06-22,3
Odeska,2025-06-22,13
Poltavska,2025-06-22,2
Sumska,2025-06-22,6
Zaporizka,2025-06-22,10
Cherkaska,2025-06-15,1
Chernihivska,2025-06-15,4
Dnipropetrovska,2025-06-15,29
Donetska,2025-06-15,34
Kharkivska,2025-06-15,24
Khersonska,2025-06-15,9
Khmelnytska,2025-06-15,1
Kyiv,2025-06-15,17
Kyivska,2025-06-15,4
Odeska,2025-06-15,11
Poltavska,2025-06-15,6
Sumska,2025-06-15,2
Zaporizka,2025-06-15,11
Autonomous Republic of Crimea,2025-06-08,1
Cherkaska,2025-06-08,1
Chernihivska,2025-06-08,21
Dnipropetrovska,2025-06-08,31
Donetska,2025-06-08,40
Kharkivska,2025-06-08,41
Khersonska,2025-06-08,19
Kyiv,2025-06-08,11
Kyivska,2025-06-08,1
Lvivska,2025-06-08,2
Mykolaivska,2025-06-08,1
Odeska,2025-06-08,8
Poltavska,2025-06-08,6
Sumska,2025-06-08,13
Ternopilska,2025-06-08,7
Volynska,2025-06-08,4
Zaporizka,2025-06-08,6
Zhytomyrska,2025-06-08,1
Chernihivska,2025-06-01,9
Dnipropetrovska,2025-06-01,27
Donetska,2025-06-01,56
Kharkivska,2025-06-01,42
Khersonska,2025-06-01,26
Khmelnytska,2025-06-01,6
Kirovohradska,2025-06-01,2
Mykolaivska,2025-06-01,3
Odeska,2025-06-01,4
Sumska,2025-06-01,33
Zaporizka,2025-06-01,10
Zhytomyrska,2025-06-01,1
Cherkaska,2025-05-25,3
Chernihivska,2025-05-25,11
Chernivetska,2025-05-25,1
Dnipropetrovska,2025-05-25,28
Donetska,2025-05-25,47
Kharkivska,2025-05-25,43
Khersonska,2025-05-25,14
Khmelnytska,2025-05-25,2
Kyiv,2025-05-25,15
Kyivska,2025-05-25,13
Mykolaivska,2025-05-25,4
Odeska,2025-05-25,3
Poltavska,2025-05-25,6
Sumska,2025-05-25,19
Ternopilska,2025-05-25,10
Zaporizka,2025-05-25,4
Zhytomyrska,2025-05-25,4
Chernihivska,2025-05-18,7
Dnipropetrovska,2025-05-18,35
Donetska,2025-05-18,41
Kharkivska,2025-05-18,20
Khersonska,2025-05-18,18
Kyiv,2025-05-18,2
Kyivska,2025-05-18,14
Luhanska,2025-05-18,1
Mykolaivska,2025-05-18,2
Odeska,2025-05-18,2
Poltavska,2025-05-18,1
Sumska,2025-05-18,45
Cherkaska,2025-05-11,10
Dnipropetrovska,2025-05-11,19
Donetska,2025-05-11,47
Kharkivska,2025-05-11,19
Khersonska,2025-05-11,15
Kyiv,2025-05-11,5
Kyivska,2025-05-11,2
Mykolaivska,2025-05-11,2
Odeska,2025-05-11,3
Poltavska,2025-05-11,1
Sumska,2025-05-11,22
Zaporizka,2025-05-11,1
Cherkaska,2025-05-04,7
Chernihivska,2025-05-04,2
Dnipropetrovska,2025-05-04,28
Donetska,2025-05-04,60
Kharkivska,2025-05-04,67
Khersonska,2025-05-04,15
Kyiv,2025-05-04,7
Kyivska,2025-05-04,1
Mykolaivska,2025-05-04,3
Odeska,2025-05-04,6
Sumska,2025-05-04,20
Zaporizka,2025-05-04,10
Chernihivska,2025-04-27,1
Dnipropetrovska,2025-04-27,45
Donetska,2025-04-27,70
Kharkivska,2025-04-27,62
Khersonska,2025-04-27,9
Khmelnytska,2025-04-27,20
Kirovohradska,2025-04-27,3
Kyiv,2025-04-27,16
Kyivska,2025-04-27,11
Mykolaivska,2025-04-27,2
Odeska,2025-04-27,13
Poltavska,2025-04-27,7
Sumska,2025-04-27,27
Zaporizka,2025-04-27,5
Zhytomyrska,2025-04-27,3
Chernihivska,2025-04-20,2
Dnipropetrovska,2025-04-20,47
Donetska,2025-04-20,37
Kharkivska,2025-04-20,19
Khersonska,2025-04-20,24
Kirovohradska,2025-04-20,1
Mykolaivska,2025-04-20,3
Odeska,2025-04-20,5
Poltavska,2025-04-20,1
Sumska,2025-04-20,13
Zaporizka,2025-04-20,5
Chernihivska,2025-04-13,3
Dnipropetrovska,2025-04-13,32
Donetska,2025-04-13,29
Kharkivska,2025-04-13,35
Khersonska,2025-04-13,13
Kirovohradska,2025-04-13,4
Kyiv,2025-04-13,6
Kyivska,2025-04-13,2
Mykolaivska,2025-04-13,2
Odeska,2025-04-13,6
Sumska,2025-04-13,33
Zhytomyrska,2025-04-13,3
Cherkaska,2025-04-06,1
Chernihivska,2025-04-06,2
Dnipropetrovska,2025-04-06,84
Donetska,2025-04-06,28
Kharkivska,2025-04-06,20
Khersonska,2025-04-06,19
Kirovohradska,2025-04-06,2
Kyiv,2025-04-06,5
Kyivska,2025-04-06,14
Mykolaivska,2025-04-06,2
Odeska,2025-04-06,2
Sumska,2025-04-06,13
Zaporizka,2025-04-06,12
Cherkaska,2025-03-30,1
Chernihivska,2025-03-30,2
Dnipropetrovska,2025-03-30,65
Donetska,2025-03-30,22
Kharkivska,2025-03-30,41
Khersonska,2025-03-30,19
Kyivska,2025-03-30,3
Mykolaivska,2025-03-30,2
Odeska,2025-03-30,3
Poltavska,2025-03-30,6
Sumska,2025-03-30,28
Zaporizka,2025-03-30,5
Cherkaska,2025-03-23,2
Chernihivska,2025-03-23,15
Dnipropetrovska,2025-03-23,19
Donetska,2025-03-23,54
Kharkivska,2025-03-23,23
Khersonska,2025-03-23,11
Khmelnytska,2025-03-23,4
Kirovohradska,2025-03-23,8
Kyiv,2025-03-23,5
Kyivska,2025-03-23,4
Mykolaivska,2025-03-23,3
Odeska,2025-03-23,15
Poltavska,2025-03-23,1
Sumska,2025-03-23,34
Zaporizka,2025-03-23,8
Autonomous Republic of Crimea,2025-03-16,1
Chernihivska,2025-03-16,7
Dnipropetrovska,2025-03-16,55
Donetska,2025-03-16,73
Kharkivska,2025-03-16,15
Khersonska,2025-03-16,16
Kyivska,2025-03-16,2
Mykolaivska,2025-03-16,2
Odeska,2025-03-16,12
Poltavska,2025-03-16,1
Sumska,2025-03-16,13
Zaporizka,2025-03-16,4
Cherkaska,2025-03-09,4
Chernihivska,2025-03-09,2
Dnipropetrovska,2025-03-09,40
Donetska,2025-03-09,74
Kharkivska,2025-03-09,31
Khersonska,2025-03-09,14
Kyivska,2025-03-09,8
Mykolaivska,2025-03-09,1
Odeska,2025-03-09,23
Poltavska,2025-03-09,3
Sumska,2025-03-09,25
Ternopilska,2025-03-09,4
Zaporizka,2025-03-09,1
Cherkaska,2025-03-02,2
Chernihivska,2025-03-02,4
Dnipropetrovska,2025-03-02,25
Donetska,2025-03-02,136
Kharkivska,2025-03-02,51
Khersonska,2025-03-02,16
Khmelnytska,2025-03-02,4
Kirovohradska,2025-03-02,1
Kyivska,2025-03-02,2
Mykolaivska,2025-03-02,7
Odeska,2025-03-02,4
Poltavska,2025-03-02,1
Sumska,2025-03-02,23
Zaporizka,2025-03-02,3
Cherkaska,2025-02-23,5
Chernihivska,2025-02-23,2
Dnipropetrovska,2025-02-23,42
Donetska,2025-02-23,85
Kharkivska,2025-02-23,38
Khersonska,2025-02-23,19
Khmelnytska,2025-02-23,3
Kirovohradska,2025-02-23,1
Kyiv,2025-02-23,4
Kyivska,2025-02-23,14
Mykolaivska,2025-02-23,2
Odeska,2025-02-23,14
Poltavska,2025-02-23,2
Sumska,2025-02-23,4
Zaporizka,2025-02-23,2
Chernihivska,2025-02-16,4
Dnipropetrovska,2025-02-16,36
Donetska,2025-02-16,42
Kharkivska,2025-02-16,14
Khersonska,2025-02-16,18
Kirovohradska,2025-02-16,1
Kyiv,2025-02-16,12
Kyivska,2025-02-16,8
Mykolaivska,2025-02-16,18
Odeska,2025-02-16,4
Poltavska,2025-02-16,2
Sumska,2025-02-16,11
Cherkaska,2025-02-09,3
Chernihivska,2025-02-09,1
Dnipropetrovska,2025-02-09,34
Donetska,2025-02-09,54
Kharkivska,2025-02-09,20
Khersonska,2025-02-09,7
Khmelnytska,2025-02-09,2
Kirovohradska,2025-02-09,1
Kyiv,2025-02-09,4
Odeska,2025-02-09,2
Sumska,2025-02-09,16
Cherkaska,2025-02-02,2
Chernihivska,2025-02-02,4
Dnipropetrovska,2025-02-02,29
Donetska,2025-02-02,38
Kharkivska,2025-02-02,15
Khersonska,2025-02-02,9
Kyiv,2025-02-02,1
Kyivska,2025-02-02,3
Mykolaivska,2025-02-02,4
Odeska,2025-02-02,30
Poltavska,2025-02-02,4
Sumska,2025-02-02,5
Zaporizka,2025-02-02,9
Cherkaska,2025-01-26,4
Chernihivska,2025-01-26,1
Dnipropetrovska,2025-01-26,29
Donetska,2025-01-26,38
Kharkivska,2025-01-26,12
Khersonska,2025-01-26,11
Khmelnytska,2025-01-26,1
Kyivska,2025-01-26,9
Mykolaivska,2025-01-26,10
Poltavska,2025-01-26,2
Sumska,2025-01-26,16
Zaporizka,2025-01-26,30
Cherkaska,2025-01-19,1
Chernihivska,2025-01-19,4
Dnipropetrovska,2025-01-19,18
Donetska,2025-01-19,27
Ivano-Frankivska,2025-01-19,2
Kharkivska,2025-01-19,15
Khersonska,2025-01-19,12
Kyiv,2025-01-19,12
Kyivska,2025-01-19,4
Lvivska,2025-01-19,3
Mykolaivska,2025-01-19,1
Odeska,2025-01-19,4
Poltavska,2025-01-19,1
Sumska,2025-01-19,9
Zaporizka,2025-01-19,4
Zhytomyrska,2025-01-19,2
Cherkaska,2025-01-12,3
Chernihivska,2025-01-12,5
Dnipropetrovska,2025-01-12,31
Donetska,2025-01-12,38
Kharkivska,2025-01-12,10
Khersonska,2025-01-12,17
Kirovohradska,2025-01-12,2
Kyivska,2025-01-12,2
Mykolaivska,2025-01-12,3
Poltavska,2025-01-12,1
Sumska,2025-01-12,5
Zaporizka,2025-01-12,14
Chernihivska,2025-01-05,15
Dnipropetrovska,2025-01-05,31
Donetska,2025-01-05,30
Kharkivska,2025-01-05,8
Khersonska,2025-01-05,14
Kyiv,2025-01-05,8
Kyivska,2025-01-05,5
Mykolaivska,2025-01-05,1
Odeska,2025-01-05,1
Sumska,2025-01-05,17
Zaporizka,2025-01-05,2
Dnipropetrovska,2024-12-29,70
Donetska,2024-12-29,16
Ivano-Frankivska,2024-12-29,1
Kharkivska,2024-12-29,10
Khersonska,2024-12-29,14
Khmelnytska,2024-12-29,2
Kirovohradska,2024-12-29,2
Kyivska,2024-12-29,2
Mykolaivska,2024-12-29,5
Poltavska,2024-12-29,1
Sumska,2024-12-29,2
Vinnytska,2024-12-29,1
Zaporizka,2024-12-29,2
Cherkaska,2024-12-22,1
Chernihivska,2024-12-22,5
Dnipropetrovska,2024-12-22,41
Donetska,2024-12-22,27
Kharkivska,2024-12-22,11
Khersonska,2024-12-22,32
Kyiv,2024-12-22,21
Kyivska,2024-12-22,3
Mykolaivska,2024-12-22,2
Sumska,2024-12-22,9
Zaporizka,2024-12-22,2
Zhytomyrska,2024-12-22,1
Cherkaska,2024-12-15,1
Chernihivska,2024-12-15,7
Dnipropetrovska,2024-12-15,28
Donetska,2024-12-15,28
Ivano-Frankivska,2024-12-15,1
Kharkivska,2024-12-15,12
Khersonska,2024-12-15,8
Khmelnytska,2024-12-15,1
Kyivska,2024-12-15,6
Lvivska,2024-12-15,6
Mykolaivska,2024-12-15,1
Odeska,2024-12-15,2
Rivnenska,2024-12-15,1
Sevastopol,2024-12-15,1
Sumska,2024-12-15,5
Ternopilska,2024-12-15,1
Vinnytska,2024-12-15,3
Zakarpatska,2024-12-15,1
Zaporizka,2024-12-15,9
Autonomous Republic of Crimea,2024-12-08,2
Chernihivska,2024-12-08,2
Dnipropetrovska,2024-12-08,75
Donetska,2024-12-08,39
Kharkivska,2024-12-08,2
Khersonska,2024-12-08,15
Kyiv,2024-12-08,1
Kyivska,2024-12-08,4
Mykolaivska,2024-12-08,4
Rivnenska,2024-12-08,1
Sumska,2024-12-08,3
Ternopilska,2024-12-08,3
Zaporizka,2024-12-08,8
Zhytomyrska,2024-12-08,1
Autonomous Republic of Crimea,2024-12-01,1
Dnipropetrovska,2024-12-01,20
Donetska,2024-12-01,17
Ivano-Frankivska,2024-12-01,1
Kharkivska,2024-12-01,17
Khersonska,2024-12-01,13
Kyiv,2024-12-01,3
Kyivska,2024-12-01,5
Lvivska,2024-12-01,2
Mykolaivska,2024-12-01,2
Odeska,2024-12-01,18
Rivnenska,2024-12-01,2
Sevastopol,2024-12-01,1
Sumska,2024-12-01,9
Ternopilska,2024-12-01,2
Zaporizka,2024-12-01,2
Zhytomyrska,2024-12-01,1
Cherkaska,2024-11-24,2
Chernihivska,2024-11-24,1
Dnipropetrovska,2024-11-24,18
Donetska,2024-11-24,16
Kharkivska,2024-11-24,6
Khersonska,2024-11-24,12
Kyivska,2024-11-24,9
Odeska,2024-11-24,6
Sumska,2024-11-24,17
Zaporizka,2024-11-24,7
Cherkaska,2024-11-17,2
Dnipropetrovska,2024-11-17,35
Donetska,2024-11-17,37
Kharkivska,2024-11-17,16
Khersonska,2024-11-17,17
Kyiv,2024-11-17,1
Kyivska,2024-11-17,8
Lvivska,2024-11-17,1
Mykolaivska,2024-11-17,12
Odeska,2024-11-17,36
Poltavska,2024-11-17,1
Rivnenska,2024-11-17,2
Sumska,2024-11-17,5
Vinnytska,2024-11-17,2
Volynska,2024-11-17,1
Zaporizka,2024-11-17,8
Dnipropetrovska,2024-11-10,8
Donetska,2024-11-10,9
Kharkivska,2024-11-10,39
Khersonska,2024-11-10,10
Kyiv,2024-11-10,11
Kyivska,2024-11-10,4
Mykolaivska,2024-11-10,1
Odeska,2024-11-10,26
Rivnenska,2024-11-10,1
Sumska,2024-11-10,14
Zaporizka,2024-11-10,2
Zhytomyrska,2024-11-10,1
Cherkaska,2024-11-03,4
Dnipropetrovska,2024-11-03,41
Donetska,2024-11-03,19
Kharkivska,2024-11-03,58
Khersonska,2024-11-03,32
Khmelnytska,2024-11-03,1
Kyiv,2024-11-03,20
Kyivska,2024-11-03,8
Mykolaivska,2024-11-03,1
Odeska,2024-11-03,4
Sumska,2024-11-03,22
Zaporizka,2024-11-03,2
Cherkaska,2024-10-27,4
Dnipropetrovska,2024-10-27,65
Donetska,2024-10-27,36
Kharkivska,2024-10-27,26
Khersonska,2024-10-27,23
Khmelnytska,2024-10-27,9
Kyiv,2024-10-27,1
Kyivska,2024-10-27,14
Odeska,2024-10-27,2
Sumska,2024-10-27,11
Zaporizka,2024-10-27,5
Cherkaska,2024-10-20,3
Chernihivska,2024-10-20,2
Dnipropetrovska,2024-10-20,34
Donetska,2024-10-20,25
Kharkivska,2024-10-20,12
Khersonska,2024-10-20,21
Kirovohradska,2024-10-20,1
Kyiv,2024-10-20,2
Kyivska,2024-10-20,1
Mykolaivska,2024-10-20,21
Odeska,2024-10-20,7
Sumska,2024-10-20,21
Ternopilska,2024-10-20,1
Zaporizka,2024-10-20,3
Autonomous Republic of Crimea,2024-10-13,1
Cherkaska,2024-10-13,1
Dnipropetrovska,2024-10-13,9
Donetska,2024-10-13,23
Kharkivska,2024-10-13,12
Khersonska,2024-10-13,31
Kyiv,2024-10-13,1
Kyivska,2024-10-13,1
Luhanska,2024-10-13,1
Mykolaivska,2024-10-13,5
Odeska,2024-10-13,5
Poltavska,2024-10-13,1
Sumska,2024-10-13,15
Zaporizka,2024-10-13,7
Cherkaska,2024-10-06,1
Chernihivska,2024-10-06,1
Dnipropetrovska,2024-10-06,31
Donetska,2024-10-06,81
Kharkivska,2024-10-06,16
Khersonska,2024-10-06,16
Kirovohradska,2024-10-06,2
Kyivska,2024-10-06,1
Odeska,2024-10-06,5
Poltavska,2024-10-06,6
Sumska,2024-10-06,7
Cherkaska,2024-09-29,1
Dnipropetrovska,2024-09-29,39
Donetska,2024-09-29,152
Kharkivska,2024-09-29,35
Khersonska,2024-09-29,28
Kyivska,2024-09-29,2
Mykolaivska,2024-09-29,2
Odeska,2024-09-29,1
Rivnenska,2024-09-29,1
Sumska,2024-09-29,14
Zaporizka,2024-09-29,8
Cherkaska,2024-09-22,2
Chernihivska,2024-09-22,2
Dnipropetrovska,2024-09-22,27
Donetska,2024-09-22,53
Kharkivska,2024-09-22,29
Khersonska,2024-09-22,19
Lvivska,2024-09-22,1
Mykolaivska,2024-09-22,3
Odeska,2024-09-22,1
Poltavska,2024-09-22,1
Sumska,2024-09-22,22
Zaporizka,2024-09-22,6
Cherkaska,2024-09-15,4
Chernihivska,2024-09-15,2
Dnipropetrovska,2024-09-15,18
Donetska,2024-09-15,34
Ivano-Frankivska,2024-09-15,1
Kharkivska,2024-09-15,13
Khersonska,2024-09-15,8
Khmelnytska,2024-09-15,1
Mykolaivska,2024-09-15,2
Odeska,2024-09-15,2
Sumska,2024-09-15,19
Zaporizka,2024-09-15,1
Dnipropetrovska,2024-09-08,74
Donetska,2024-09-08,15
Kharkivska,2024-09-08,15
Khersonska,2024-09-08,7
Kyiv,2024-09-08,13
Lvivska,2024-09-08,14
Odeska,2024-09-08,1
Poltavska,2024-09-08,4
Sumska,2024-09-08,6
Zaporizka,2024-09-08,2
Autonomous Republic of Crimea,2024-09-01,1
Cherkaska,2024-09-01,3
Chernihivska,2024-09-01,1
Dnipropetrovska,2024-09-01,26
Donetska,2024-09-01,12
Ivano-Frankivska,2024-09-01,1
Kharkivska,2024-09-01,29
Khersonska,2024-09-01,9
Khmelnytska,2024-09-01,1
Kyiv,2024-09-01,1
Kyivska,2024-09-01,3
Lvivska,2024-09-01,1
Odeska,2024-09-01,1
Poltavska,2024-09-01,2
Rivnenska,2024-09-01,3
Sumska,2024-09-01,14
Vinnytska,2024-09-01,2
Volynska,2024-09-01,1
Zaporizka,2024-09-01,1
Cherkaska,2024-08-25,2
Dnipropetrovska,2024-08-25,15
Donetska,2024-08-25,17
Kharkivska,2024-08-25,7
Khersonska,2024-08-25,5
Kyivska,2024-08-25,1
Sumska,2024-08-25,6
Ternopilska,2024-08-25,1
Zaporizka,2024-08-25,3
Autonomous Republic of Crimea,2024-08-18,1
Chernihivska,2024-08-18,2
Dnipropetrovska,2024-08-18,14
Donetska,2024-08-18,9
Kharkivska,2024-08-18,18
Khersonska,2024-08-18,2
Kyivska,2024-08-18,2
Odeska,2024-08-18,1
Sumska,2024-08-18,8
Zaporizka,2024-08-18,1
Autonomous Republic of Crimea,2024-08-11,1
Dnipropetrovska,2024-08-11,32
Donetska,2024-08-11,37
Kharkivska,2024-08-11,6
Khersonska,2024-08-11,3
Khmelnytska,2024-08-11,1
Kyiv,2024-08-11,1
Kyivska,2024-08-11,4
Mykolaivska,2024-08-11,3
Sumska,2024-08-11,1
Zaporizka,2024-08-11,1
Dnipropetrovska,2024-08-04,22
Donetska,2024-08-04,27
Kharkivska,2024-08-04,3
Khersonska,2024-08-04,7
Kyivska,2024-08-04,2
Poltavska,2024-08-04,1
Sevastopol,2024-08-04,1
Sumska,2024-08-04,2
Zaporizka,2024-08-04,1
Chernihivska,2024-07-28,3
Dnipropetrovska,2024-07-28,26
Donetska,2024-07-28,14
Kharkivska,2024-07-28,12
Khersonska,2024-07-28,13
Kyivska,2024-07-28,2
Odeska,2024-07-28,3
Poltavska,2024-07-28,1
Sumska,2024-07-28,2
Dnipropetrovska,2024-07-21,14
Donetska,2024-07-21,12
Kharkivska,2024-07-21,11
Khersonska,2024-07-21,11
Mykolaivska,2024-07-21,1
Sumska,2024-07-21,5
Dnipropetrovska,2024-07-14,5
Donetska,2024-07-14,9
Kharkivska,2024-07-14,4
Khersonska,2024-07-14,10
Kyiv,2024-07-14,4
Mykolaivska,2024-07-14,3
Odeska,2024-07-14,1
Rivnenska,2024-07-14,1
Sumska,2024-07-14,2
Zaporizka,2024-07-14,6
Chernihivska,2024-07-07,2
Dnipropetrovska,2024-07-07,37
Donetska,2024-07-07,24
Kharkivska,2024-07-07,8
Khersonska,2024-07-07,11
Luhanska,2024-07-07,1
Odeska,2024-07-07,1
Poltavska,2024-07-07,4
Sumska,2024-07-07,1
Zaporizka,2024-07-07,2
Chernihivska,2024-06-30,3
Dnipropetrovska,2024-06-30,12
Donetska,2024-06-30,12
Kharkivska,2024-06-30,20
Khersonska,2024-06-30,3
Kyivska,2024-06-30,3
Odeska,2024-06-30,3
Sumska,2024-06-30,1
Zaporizka,2024-06-30,12
Chernihivska,2024-06-23,1
Dnipropetrovska,2024-06-23,25
Donetska,2024-06-23,14
Ivano-Frankivska,2024-06-23,3
Kharkivska,2024-06-23,17
Khersonska,2024-06-23,17
Kyivska,2024-06-23,1
Lvivska,2024-06-23,1
Poltavska,2024-06-23,3
Vinnytska,2024-06-23,1
Zaporizka,2024-06-23,2
Chernihivska,2024-06-16,1
Dnipropetrovska,2024-06-16,22
Donetska,2024-06-16,8
Kharkivska,2024-06-16,6
Khersonska,2024-06-16,13
Mykolaivska,2024-06-16,1
Sumska,2024-06-16,4
Dnipropetrovska,2024-06-09,24
Donetska,2024-06-09,11
Kharkivska,2024-06-09,5
Khersonska,2024-06-09,32
Kyivska,2024-06-09,1
Sumska,2024-06-09,2
Dnipropetrovska,2024-06-02,16
Donetska,2024-06-02,22
Ivano-Frankivska,2024-06-02,1
Kharkivska,2024-06-02,15
Khersonska,2024-06-02,25
Khmelnytska,2024-06-02,1
Kirovohradska,2024-06-02,1
Kyiv,2024-06-02,4
Mykolaivska,2024-06-02,4
Odeska,2024-06-02,1
Rivnenska,2024-06-02,1
Sumska,2024-06-02,4
Zaporizka,2024-06-02,1
Chernihivska,2024-05-26,1
Dnipropetrovska,2024-05-26,12
Donetska,2024-05-26,12
Kharkivska,2024-05-26,22
Khersonska,2024-05-26,16
Sumska,2024-05-26,7
Zaporizka,2024-05-26,2
Chernihivska,2024-05-19,3
Dnipropetrovska,2024-05-19,19
Donetska,2024-05-19,6
Kharkivska,2024-05-19,18
Khersonska,2024-05-19,5
Odeska,2024-05-19,1
Poltavska,2024-05-19,1
Sevastopol,2024-05-19,1
Dnipropetrovska,2024-05-12,30
Donetska,2024-05-12,2
Ivano-Frankivska,2024-05-12,1
Kharkivska,2024-05-12,45
Khersonska,2024-05-12,9
Kirovohradska,2024-05-12,1
Kyivska,2024-05-12,4
Luhanska,2024-05-12,1
Lvivska,2024-05-12,1
Mykolaivska,2024-05-12,1
Poltavska,2024-05-12,1
Sumska,2024-05-12,6
Vinnytska,2024-05-12,1
Zaporizka,2024-05-12,9
Chernihivska,2024-05-05,1
Dnipropetrovska,2024-05-05,24
Donetska,2024-05-05,16
Kharkivska,2024-05-05,19
Khersonska,2024-05-05,10
Mykolaivska,2024-05-05,1
Odeska,2024-05-05,3
Poltavska,2024-05-05,1
Sumska,2024-05-05,3
Chernihivska,2024-04-28,1
Dnipropetrovska,2024-04-28,11
Donetska,2024-04-28,2
Kharkivska,2024-04-28,11
Khersonska,2024-04-28,11
Mykolaivska,2024-04-28,4
Odeska,2024-04-28,1
Sumska,2024-04-28,2
Chernihivska,2024-04-21,1
Dnipropetrovska,2024-04-21,10
Donetska,2024-04-21,4
Kharkivska,2024-04-21,1
Khersonska,2024-04-21,14
Odeska,2024-04-21,1
Sumska,2024-04-21,3
Zaporizka,2024-04-21,1
Dnipropetrovska,2024-04-14,9
Donetska,2024-04-14,17
Kharkivska,2024-04-14,2
Khersonska,2024-04-14,6
Kyivska,2024-04-14,1
Lvivska,2024-04-14,2
Mykolaivska,2024-04-14,2
Odeska,2024-04-14,6
Sumska,2024-04-14,6
Zaporizka,2024-04-14,1
Dnipropetrovska,2024-04-07,14
Donetska,2024-04-07,22
Kharkivska,2024-04-07,24
Khersonska,2024-04-07,11
Mykolaivska,2024-04-07,2
Sumska,2024-04-07,13
Zaporizka,2024-04-07,3
Cherkaska,2024-03-31,1
Dnipropetrovska,2024-03-31,11
Donetska,2024-03-31,6
Kharkivska,2024-03-31,7
Khersonska,2024-03-31,7
Kirovohradska,2024-03-31,1
Kyiv,2024-03-31,1
Mykolaivska,2024-03-31,1
Odeska,2024-03-31,1
Sumska,2024-03-31,2
Chernihivska,2024-03-24,1
Dnipropetrovska,2024-03-24,26
Donetska,2024-03-24,10
Ivano-Frankivska,2024-03-24,1
Kharkivska,2024-03-24,19
Khersonska,2024-03-24,9
Kyiv,2024-03-24,4
Lvivska,2024-03-24,2
Mykolaivska,2024-03-24,1
Odeska,2024-03-24,5
Sumska,2024-03-24,2
Zaporizka,2024-03-24,3
Cherkaska,2024-03-17,1
Chernihivska,2024-03-17,5
Dnipropetrovska,2024-03-17,28
Donetska,2024-03-17,24
Kharkivska,2024-03-17,15
Khersonska,2024-03-17,12
Luhanska,2024-03-17,1
Mykolaivska,2024-03-17,4
Odeska,2024-03-17,6
Sumska,2024-03-17,8
Zaporizka,2024-03-17,1
Chernihivska,2024-03-10,1
Dnipropetrovska,2024-03-10,13
Donetska,2024-03-10,46
Kharkivska,2024-03-10,24
Khersonska,2024-03-10,31
Khmelnytska,2024-03-10,1
Mykolaivska,2024-03-10,1
Odeska,2024-03-10,3
Sumska,2024-03-10,13
Autonomous Republic of Crimea,2024-03-03,2
Chernihivska,2024-03-03,3
Dnipropetrovska,2024-03-03,19
Donetska,2024-03-03,36
Kharkivska,2024-03-03,16
Khersonska,2024-03-03,14
Mykolaivska,2024-03-03,1
Odeska,2024-03-03,1
Sumska,2024-03-03,3
Dnipropetrovska,2024-02-25,17
Donetska,2024-02-25,81
Kharkivska,2024-02-25,17
Khersonska,2024-02-25,23
Kirovohradska,2024-02-25,1
Mykolaivska,2024-02-25,1
Odeska,2024-02-25,1
Zaporizka,2024-02-25,5
Dnipropetrovska,2024-02-18,13
Donetska,2024-02-18,21
Kharkivska,2024-02-18,17
Khersonska,2024-02-18,6
Lvivska,2024-02-18,4
Mykolaivska,2024-02-18,1
Poltavska,2024-02-18,1
Sumska,2024-02-18,2
Zaporizka,2024-02-18,4
Chernihivska,2024-02-11,4
Dnipropetrovska,2024-02-11,12
Donetska,2024-02-11,19
Kharkivska,2024-02-11,29
Khersonska,2024-02-11,5
Kyivska,2024-02-11,4
Mykolaivska,2024-02-11,7
Odeska,2024-02-11,6
Sumska,2024-02-11,4
Dnipropetrovska,2024-02-04,25
Donetska,2024-02-04,30
Kharkivska,2024-02-04,18
Khersonska,2024-02-04,18
Kyivska,2024-02-04,1
Mykolaivska,2024-02-04,7
Sumska,2024-02-04,10
Dnipropetrovska,2024-01-28,29
Donetska,2024-01-28,46
Kharkivska,2024-01-28,23
Khersonska,2024-01-28,14
Mykolaivska,2024-01-28,1
Odeska,2024-01-28,1
Poltavska,2024-01-28,1
Sumska,2024-01-28,3
Dnipropetrovska,2024-01-21,12
Donetska,2024-01-21,32
Kharkivska,2024-01-21,8
Khersonska,2024-01-21,14
Odeska,2024-01-21,1
Sumska,2024-01-21,1
Chernihivska,2024-01-14,1
Dnipropetrovska,2024-01-14,16
Donetska,2024-01-14,15
Kharkivska,2024-01-14,21
Khersonska,2024-01-14,9
Mykolaivska,2024-01-14,1
Sumska,2024-01-14,9
Cherkaska,2024-01-07,1
Dnipropetrovska,2024-01-07,38
Donetska,2024-01-07,28
Kharkivska,2024-01-07,14
Khersonska,2024-01-07,17
Kirovohradska,2024-01-07,2
Kyiv,2024-01-07,3
Kyivska,2024-01-07,2
Lvivska,2024-01-07,2
Mykolaivska,2024-01-07,5
Sumska,2024-01-07,5
Cherkaska,2023-12-31,1
Chernihivska,2023-12-31,3
Dnipropetrovska,2023-12-31,46
Donetska,2023-12-31,32
Kharkivska,2023-12-31,19
Khersonska,2023-12-31,14
Khmelnytska,2023-12-31,4
Kyiv,2023-12-31,4
Kyivska,2023-12-31,3
Lvivska,2023-12-31,6
Mykolaivska,2023-12-31,2
Odeska,2023-12-31,3
Sumska,2023-12-31,6
Zaporizka,2023-12-31,1
Dnipropetrovska,2023-12-24,14
Donetska,2023-12-24,19
Kharkivska,2023-12-24,6
Khersonska,2023-12-24,18
Kyivska,2023-12-24,1
Mykolaivska,2023-12-24,1
Odeska,2023-12-24,1
Poltavska,2023-12-24,1
Sumska,2023-12-24,2
Zaporizka,2023-12-24,2
Dnipropetrovska,2023-12-17,5
Donetska,2023-12-17,5
Kharkivska,2023-12-17,3
Khersonska,2023-12-17,16
Kyiv,2023-12-17,6
Mykolaivska,2023-12-17,7
Odeska,2023-12-17,6
Sumska,2023-12-17,2
Chernihivska,2023-12-10,1
Dnipropetrovska,2023-12-10,13
Donetska,2023-12-10,31
Kharkivska,2023-12-10,13
Khersonska,2023-12-10,17
Mykolaivska,2023-12-10,4
Odeska,2023-12-10,3
Sumska,2023-12-10,7
Zaporizka,2023-12-10,1
Chernihivska,2023-12-03,1
Dnipropetrovska,2023-12-03,25
Donetska,2023-12-03,28
Kharkivska,2023-12-03,6
Khersonska,2023-12-03,19
Khmelnytska,2023-12-03,2
Mykolaivska,2023-12-03,1
Sumska,2023-12-03,4
Zaporizka,2023-12-03,1
Chernihivska,2023-11-26,1
Dnipropetrovska,2023-11-26,8
Donetska,2023-11-26,14
Kharkivska,2023-11-26,2
Khersonska,2023-11-26,10
Odeska,2023-11-26,2
Zaporizka,2023-11-26,1
Dnipropetrovska,2023-11-19,10
Donetska,2023-11-19,16
Kharkivska,2023-11-19,4
Khersonska,2023-11-19,19
Khmelnytska,2023-11-19,1
Mykolaivska,2023-11-19,1
Odeska,2023-11-19,1
Sumska,2023-11-19,2
Chernihivska,2023-11-12,3
Dnipropetrovska,2023-11-12,10
Donetska,2023-11-12,6
Kharkivska,2023-11-12,1
Khersonska,2023-11-12,14
Odeska,2023-11-12,1
Sumska,2023-11-12,1
Autonomous Republic of Crimea,2023-11-05,1
Dnipropetrovska,2023-11-05,24
Donetska,2023-11-05,16
Kharkivska,2023-11-05,7
Khersonska,2023-11-05,9
Mykolaivska,2023-11-05,4
Odeska,2023-11-05,4
Sumska,2023-11-05,1
Dnipropetrovska,2023-10-29,10
Donetska,2023-10-29,12
Kharkivska,2023-10-29,2
Khersonska,2023-10-29,9
Khmelnytska,2023-10-29,37
Kirovohradska,2023-10-29,1
Odeska,2023-10-29,1
Sumska,2023-10-29,3
Chernihivska,2023-10-22,1
Dnipropetrovska,2023-10-22,25
Donetska,2023-10-22,24
Kharkivska,2023-10-22,9
Khersonska,2023-10-22,19
Mykolaivska,2023-10-22,3
Odeska,2023-10-22,2
Zaporizka,2023-10-22,2
Dnipropetrovska,2023-10-15,28
Donetska,2023-10-15,32
Kharkivska,2023-10-15,4
Khersonska,2023-10-15,12
Mykolaivska,2023-10-15,4
Odeska,2023-10-15,1
Sumska,2023-10-15,8
Dnipropetrovska,2023-10-08,13
Donetska,2023-10-08,20
Kharkivska,2023-10-08,16
Khersonska,2023-10-08,18
Odeska,2023-10-08,3
Sumska,2023-10-08,3
Cherkaska,2023-10-01,1
Dnipropetrovska,2023-10-01,14
Donetska,2023-10-01,32
Kharkivska,2023-10-01,8
Khersonska,2023-10-01,30
Mykolaivska,2023-10-01,3
Odeska,2023-10-01,4
Sumska,2023-10-01,1
Chernihivska,2023-09-24,1
Dnipropetrovska,2023-09-24,24
Donetska,2023-09-24,20
Kharkivska,2023-09-24,4
Khersonska,2023-09-24,11
Khmelnytska,2023-09-24,2
Kyiv,2023-09-24,2
Lvivska,2023-09-24,3
Odeska,2023-09-24,2
Poltavska,2023-09-24,1
Sumska,2023-09-24,8
Dnipropetrovska,2023-09-17,19
Donetska,2023-09-17,10
Kharkivska,2023-09-17,6
Khersonska,2023-09-17,18
Mykolaivska,2023-09-17,1
Odeska,2023-09-17,4
Sumska,2023-09-17,6
Dnipropetrovska,2023-09-10,12
Donetska,2023-09-10,38
Kharkivska,2023-09-10,2
Khersonska,2023-09-10,11
Kyivska,2023-09-10,5
Odeska,2023-09-10,10
Sumska,2023-09-10,13
Zaporizka,2023-09-10,4
Chernihivska,2023-09-03,1
Dnipropetrovska,2023-09-03,14
Donetska,2023-09-03,27
Kharkivska,2023-09-03,17
Khersonska,2023-09-03,7
Kyivska,2023-09-03,2
Poltavska,2023-09-03,1
Sumska,2023-09-03,19
Zaporizka,2023-09-03,1
Zhytomyrska,2023-09-03,1
Chernihivska,2023-08-27,1
Dnipropetrovska,2023-08-27,27
Donetska,2023-08-27,16
Kharkivska,2023-08-27,17
Khersonska,2023-08-27,29
Mykolaivska,2023-08-27,3
Odeska,2023-08-27,2
Sumska,2023-08-27,1
Cherkaska,2023-08-20,3
Chernihivska,2023-08-20,14
Dnipropetrovska,2023-08-20,12
Donetska,2023-08-20,24
Kharkivska,2023-08-20,5
Khersonska,2023-08-20,9
Khmelnytska,2023-08-20,3
Lvivska,2023-08-20,4
Odeska,2023-08-20,11
Sumska,2023-08-20,4
Volynska,2023-08-20,1
Zaporizka,2023-08-20,4
Dnipropetrovska,2023-08-13,25
Donetska,2023-08-13,21
Ivano-Frankivska,2023-08-13,1
Kharkivska,2023-08-13,6
Khersonska,2023-08-13,16
Kyiv,2023-08-13,1
Rivnenska,2023-08-13,1
Sumska,2023-08-13,1
Zaporizka,2023-08-13,4
Dnipropetrovska,2023-08-06,16
Donetska,2023-08-06,16
Kharkivska,2023-08-06,11
Khersonska,2023-08-06,20
Khmelnytska,2023-08-06,3
Kyivska,2023-08-06,1
Luhanska,2023-08-06,3
Odeska,2023-08-06,7
Sumska,2023-08-06,2
Zaporizka,2023-08-06,2
Cherkaska,2023-07-30,1
Dnipropetrovska,2023-07-30,15
Donetska,2023-07-30,12
Kharkivska,2023-07-30,7
Khersonska,2023-07-30,7
Odeska,2023-07-30,7
Sumska,2023-07-30,6
Chernihivska,2023-07-23,2
Dnipropetrovska,2023-07-23,5
Donetska,2023-07-23,31
Kharkivska,2023-07-23,6
Khersonska,2023-07-23,12
Mykolaivska,2023-07-23,6
Odeska,2023-07-23,43
Sumska,2023-07-23,10
Zaporizka,2023-07-23,2
Chernihivska,2023-07-16,1
Dnipropetrovska,2023-07-16,4
Donetska,2023-07-16,18
Kharkivska,2023-07-16,4
Khersonska,2023-07-16,11
Kyiv,2023-07-16,1
Mykolaivska,2023-07-16,2
Odeska,2023-07-16,1
Sumska,2023-07-16,4
Zaporizka,2023-07-16,6
Cherkaska,2023-07-09,1
Dnipropetrovska,2023-07-09,5
Donetska,2023-07-09,13
Kharkivska,2023-07-09,2
Khersonska,2023-07-09,3
Lvivska,2023-07-09,8
Mykolaivska,2023-07-09,2
Sumska,2023-07-09,6
Cherkaska,2023-07-02,1
Dnipropetrovska,2023-07-02,5
Donetska,2023-07-02,25
Kharkivska,2023-07-02,2
Khersonska,2023-07-02,6
Sumska,2023-07-02,1
Zaporizka,2023-07-02,3
Dnipropetrovska,2023-06-25,17
Donetska,2023-06-25,17
Kharkivska,2023-06-25,6
Khersonska,2023-06-25,15
Kyivska,2023-06-25,3
Mykolaivska,2023-06-25,2
Odeska,2023-06-25,1
Sumska,2023-06-25,6
Zaporizka,2023-06-25,4
Chernihivska,2023-06-18,1
Dnipropetrovska,2023-06-18,6
Donetska,2023-06-18,22
Kharkivska,2023-06-18,5
Khersonska,2023-06-18,44
Kirovohradska,2023-06-18,1
Mykolaivska,2023-06-18,1
Odeska,2023-06-18,9
Sumska,2023-06-18,19
Zaporizka,2023-06-18,1
Cherkaska,2023-06-11,3
Chernihivska,2023-06-11,2
Dnipropetrovska,2023-06-11,14
Donetska,2023-06-11,30
Kharkivska,2023-06-11,12
Khersonska,2023-06-11,43
Kyivska,2023-06-11,3
Luhanska,2023-06-11,2
Mykolaivska,2023-06-11,6
Sumska,2023-06-11,17
Zaporizka,2023-06-11,5
Zhytomyrska,2023-06-11,2
Chernihivska,2023-06-04,1
Dnipropetrovska,2023-06-04,10
Donetska,2023-06-04,25
Kharkivska,2023-06-04,16
Khersonska,2023-06-04,10
Kirovohradska,2023-06-04,1
Mykolaivska,2023-06-04,2
Odeska,2023-06-04,1
Sumska,2023-06-04,7
Chernivetska,2023-05-28,2
Dnipropetrovska,2023-05-28,26
Donetska,2023-05-28,33
Kharkivska,2023-05-28,18
Khersonska,2023-05-28,15
Mykolaivska,2023-05-28,5
Sumska,2023-05-28,7
Zaporizka,2023-05-28,1
Autonomous Republic of Crimea,2023-05-21,1
Dnipropetrovska,2023-05-21,15
Donetska,2023-05-21,39
Kharkivska,2023-05-21,7
Khersonska,2023-05-21,10
Khmelnytska,2023-05-21,1
Luhanska,2023-05-21,2
Mykolaivska,2023-05-21,10
Odeska,2023-05-21,1
Sumska,2023-05-21,2
Cherkaska,2023-05-14,1
Chernihivska,2023-05-14,3
Dnipropetrovska,2023-05-14,10
Donetska,2023-05-14,43
Kharkivska,2023-05-14,16
Khersonska,2023-05-14,17
Khmelnytska,2023-05-14,32
Kyiv,2023-05-14,2
Luhanska,2023-05-14,1
Mykolaivska,2023-05-14,5
Odeska,2023-05-14,10
Sumska,2023-05-14,7
Ternopilska,2023-05-14,3
Zaporizka,2023-05-14,2
Chernihivska,2023-05-07,2
Dnipropetrovska,2023-05-07,26
Donetska,2023-05-07,13
Kharkivska,2023-05-07,5
Khersonska,2023-05-07,13
Kirovohradska,2023-05-07,1
Kyiv,2023-05-07,1
Mykolaivska,2023-05-07,3
Odeska,2023-05-07,1
Sumska,2023-05-07,5
Zaporizka,2023-05-07,1
Zhytomyrska,2023-05-07,1
Chernihivska,2023-04-30,2
Dnipropetrovska,2023-04-30,12
Donetska,2023-04-30,14
Kharkivska,2023-04-30,3
Khersonska,2023-04-30,12
Mykolaivska,2023-04-30,2
Sumska,2023-04-30,10
Zaporizka,2023-04-30,2
Dnipropetrovska,2023-04-23,9
Donetska,2023-04-23,11
Kharkivska,2023-04-23,2
Khersonska,2023-04-23,8
Mykolaivska,2023-04-23,2
Odeska,2023-04-23,2
Sumska,2023-04-23,1
Zaporizka,2023-04-23,1
Chernihivska,2023-04-16,2
Dnipropetrovska,2023-04-16,6
Donetska,2023-04-16,22
Kharkivska,2023-04-16,6
Khersonska,2023-04-16,14
Mykolaivska,2023-04-16,11
Sumska,2023-04-16,6
Zaporizka,2023-04-16,7
Chernihivska,2023-04-09,4
Dnipropetrovska,2023-04-09,1
Donetska,2023-04-09,12
Kharkivska,2023-04-09,4
Khersonska,2023-04-09,14
Mykolaivska,2023-04-09,3
Odeska,2023-04-09,1
Sumska,2023-04-09,5
Zaporizka,2023-04-09,3
Dnipropetrovska,2023-04-02,2
Donetska,2023-04-02,14
Kharkivska,2023-04-02,6
Khersonska,2023-04-02,2
Kyiv,2023-04-02,1
Sumska,2023-04-02,3
Zaporizka,2023-04-02,4
Autonomous Republic of Crimea,2023-03-26,1
Dnipropetrovska,2023-03-26,1
Donetska,2023-03-26,12
Kharkivska,2023-03-26,6
Khersonska,2023-03-26,11
Kyivska,2023-03-26,1
Odeska,2023-03-26,1
Sumska,2023-03-26,9
Dnipropetrovska,2023-03-19,1
Donetska,2023-03-19,29
Kharkivska,2023-03-19,5
Khersonska,2023-03-19,3
Odeska,2023-03-19,1
Sumska,2023-03-19,1
Dnipropetrovska,2023-03-12,7
Donetska,2023-03-12,8
Kharkivska,2023-03-12,4
Khersonska,2023-03-12,2
Kyivska,2023-03-12,1
Odeska,2023-03-12,2
Zaporizka,2023-03-12,3
Zhytomyrska,2023-03-12,1
Dnipropetrovska,2023-03-05,27
Donetska,2023-03-05,28
Kharkivska,2023-03-05,12
Khersonska,2023-03-05,2
Mykolaivska,2023-03-05,3
Sumska,2023-03-05,5
Zaporizka,2023-03-05,2
Chernihivska,2023-02-26,4
Dnipropetrovska,2023-02-26,3
Donetska,2023-02-26,6
Kharkivska,2023-02-26,11
Khersonska,2023-02-26,7
Luhanska,2023-02-26,1
Sumska,2023-02-26,1
Zaporizka,2023-02-26,1
Dnipropetrovska,2023-02-19,6
Donetska,2023-02-19,16
Kharkivska,2023-02-19,7
Khersonska,2023-02-19,7
Khmelnytska,2023-02-19,1
Kirovohradska,2023-02-19,2
Lvivska,2023-02-19,3
Poltavska,2023-02-19,1
Sevastopol,2023-02-19,1
Chernihivska,2023-02-12,1
Dnipropetrovska,2023-02-12,23
Donetska,2023-02-12,7
Kharkivska,2023-02-12,13
Khersonska,2023-02-12,11
Khmelnytska,2023-02-12,1
Kyiv,2023-02-12,1
Mykolaivska,2023-02-12,1
Odeska,2023-02-12,1
Sumska,2023-02-12,1
Zaporizka,2023-02-12,2
Dnipropetrovska,2023-02-05,4
Donetska,2023-02-05,19
Kharkivska,2023-02-05,3
Khersonska,2023-02-05,5
Mykolaivska,2023-02-05,2
Sumska,2023-02-05,2
Dnipropetrovska,2023-01-29,9
Donetska,2023-01-29,14
Kharkivska,2023-01-29,10
Khersonska,2023-01-29,14
Kyivska,2023-01-29,1
Odeska,2023-01-29,2
Sumska,2023-01-29,17
Zaporizka,2023-01-29,4
Dnipropetrovska,2023-01-22,7
Donetska,2023-01-22,13
Kharkivska,2023-01-22,4
Khersonska,2023-01-22,11
Zaporizka,2023-01-22,8
Dnipropetrovska,2023-01-15,25
Donetska,2023-01-15,9
Ivano-Frankivska,2023-01-15,1
Kharkivska,2023-01-15,4
Khersonska,2023-01-15,7
Kyiv,2023-01-15,3
Kyivska,2023-01-15,1
Lvivska,2023-01-15,1
Mykolaivska,2023-01-15,2
Sumska,2023-01-15,6
Vinnytska,2023-01-15,1
Zaporizka,2023-01-15,3
Dnipropetrovska,2023-01-08,9
Donetska,2023-01-08,18
Kharkivska,2023-01-08,2
Khersonska,2023-01-08,13
Kyiv,2023-01-08,1
Luhanska,2023-01-08,2
Sumska,2023-01-08,8
Zaporizka,2023-01-08,6
Dnipropetrovska,2023-01-01,21
Donetska,2023-01-01,2
Kharkivska,2023-01-01,1
Khersonska,2023-01-01,13
Khmelnytska,2023-01-01,2
Kyiv,2023-01-01,16
Kyivska,2023-01-01,2
Lvivska,2023-01-01,1
Mykolaivska,2023-01-01,4
Odeska,2023-01-01,1
Sumska,2023-01-01,14
Zaporizka,2023-01-01,2
Dnipropetrovska,2022-12-25,28
Donetska,2022-12-25,11
Kharkivska,2022-12-25,3
Khersonska,2022-12-25,17
Kyiv,2022-12-25,2
Sumska,2022-12-25,8
Zaporizka,2022-12-25,4
Dnipropetrovska,2022-12-18,14
Donetska,2022-12-18,5
Kharkivska,2022-12-18,6
Khersonska,2022-12-18,21
Kyiv,2022-12-18,3
Mykolaivska,2022-12-18,2
Sumska,2022-12-18,2
Zaporizka,2022-12-18,2
Zhytomyrska,2022-12-18,1
Dnipropetrovska,2022-12-11,21
Donetska,2022-12-11,3
Kharkivska,2022-12-11,1
Khersonska,2022-12-11,5
Kyivska,2022-12-11,1
Odeska,2022-12-11,3
Sumska,2022-12-11,4
Vinnytska,2022-12-11,1
Zaporizka,2022-12-11,1
Dnipropetrovska,2022-12-04,5
Donetska,2022-12-04,1
Kharkivska,2022-12-04,1
Khersonska,2022-12-04,7
Mykolaivska,2022-12-04,1
Sumska,2022-12-04,19
Zaporizka,2022-12-04,5
Dnipropetrovska,2022-11-27,1
Donetska,2022-11-27,2
Kharkivska,2022-11-27,3
Khersonska,2022-11-27,5
Kyiv,2022-11-27,2
Kyivska,2022-11-27,1
Lvivska,2022-11-27,1
Mykolaivska,2022-11-27,1
Sumska,2022-11-27,8
Zaporizka,2022-11-27,3
Dnipropetrovska,2022-11-20,11
Kharkivska,2022-11-20,3
Khersonska,2022-11-20,2
Khmelnytska,2022-11-20,1
Kirovohradska,2022-11-20,2
Kyiv,2022-11-20,3
Lvivska,2022-11-20,1
Odeska,2022-11-20,1
Poltavska,2022-11-20,1
Rivnenska,2022-11-20,1
Sumska,2022-11-20,5
Vinnytska,2022-11-20,1
Volynska,2022-11-20,1
Zaporizka,2022-11-20,4
Zhytomyrska,2022-11-20,3
Dnipropetrovska,2022-11-13,11
Donetska,2022-11-13,6
Kharkivska,2022-11-13,1
Khersonska,2022-11-13,11
Luhanska,2022-11-13,1
Sumska,2022-11-13,7
Vinnytska,2022-11-13,1
Zaporizka,2022-11-13,19
Cherkaska,2022-11-06,1
Chernivetska,2022-11-06,1
Dnipropetrovska,2022-11-06,21
Donetska,2022-11-06,1
Kharkivska,2022-11-06,2
Khmelnytska,2022-11-06,1
Kirovohradska,2022-11-06,1
Kyiv,2022-11-06,1
Mykolaivska,2022-11-06,1
Poltavska,2022-11-06,1
Sumska,2022-11-06,9
Zaporizka,2022-11-06,3
Dnipropetrovska,2022-10-30,6
Luhanska,2022-10-30,1
Mykolaivska,2022-10-30,1
Sumska,2022-10-30,1
Zaporizka,2022-10-30,1
Khersonska,2022-10-23,2
Mykolaivska,2022-10-16,1
Dnipropetrovska,2022-10-09,19
Donetska,2022-10-09,2
Mykolaivska,2022-10-09,5
Sumska,2022-10-09,1
Zaporizka,2022-10-09,6
Donetska,2022-10-02,5
Donetska,2022-09-25,1
Donetska,2022-09-18,1
Donetska,2022-09-11,2
Dnipropetrovska,2022-09-04,4
Donetska,2022-09-04,7
Kharkivska,2022-09-04,1
Mykolaivska,2022-09-04,1
Dnipropetrovska,2022-08-28,13
Donetska,2022-08-28,3
Kharkivska,2022-08-28,3
Khersonska,2022-08-28,1
Mykolaivska,2022-08-28,1
Zaporizka,2022-08-28,1
Dnipropetrovska,2022-08-21,12
Donetska,2022-08-21,5
Kharkivska,2022-08-21,2
Mykolaivska,2022-08-21,2
Dnipropetrovska,2022-08-14,21
Donetska,2022-08-14,13
Kharkivska,2022-08-14,7
Khersonska,2022-08-14,4
Dnipropetrovska,2022-08-07,11
Donetska,2022-08-07,9
Kharkivska,2022-08-07,2
Khersonska,2022-08-07,1
Mykolaivska,2022-08-07,6
Sumska,2022-08-07,3
Zaporizka,2022-08-07,6
Dnipropetrovska,2022-07-31,6
Donetska,2022-07-31,11
Kharkivska,2022-07-31,9
Mykolaivska,2022-07-31,8
Odeska,2022-07-31,15
Dnipropetrovska,2022-07-24,7
Donetska,2022-07-24,21
Kharkivska,2022-07-24,3
Mykolaivska,2022-07-24,5
Odeska,2022-07-24,2
Sumska,2022-07-24,1
Zaporizka,2022-07-24,4
Dnipropetrovska,2022-07-17,3
Donetska,2022-07-17,2
Kharkivska,2022-07-17,2
Luhanska,2022-07-17,2
Mykolaivska,2022-07-17,9
Odeska,2022-07-17,1
Vinnytska,2022-07-17,3
Zaporizka,2022-07-17,1
Dnipropetrovska,2022-07-10,3
Donetska,2022-07-10,9
Kharkivska,2022-07-10,8
Mykolaivska,2022-07-10,4
Odeska,2022-07-10,1
Sumska,2022-07-10,3
Zaporizka,2022-07-10,3
Dnipropetrovska,2022-07-03,8
Donetska,2022-07-03,8
Kharkivska,2022-07-03,16
Khersonska,2022-07-03,1
Kyivska,2022-07-03,1
Luhanska,2022-07-03,10
Mykolaivska,2022-07-03,6
Odeska,2022-07-03,2
Poltavska,2022-07-03,2
Sumska,2022-07-03,4
Zaporizka,2022-07-03,1
Cherkaska,2022-06-26,1
Chernihivska,2022-06-26,1
Dnipropetrovska,2022-06-26,10
Donetska,2022-06-26,11
Kharkivska,2022-06-26,10
Mykolaivska,2022-06-26,6
Odeska,2022-06-26,1
Sumska,2022-06-26,9
Zaporizka,2022-06-26,4
Dnipropetrovska,2022-06-19,7
Donetska,2022-06-19,15
Kharkivska,2022-06-19,10
Luhanska,2022-06-19,1
Lvivska,2022-06-19,7
Mykolaivska,2022-06-19,2
Sumska,2022-06-19,2
Zaporizka,2022-06-19,9
Dnipropetrovska,2022-06-12,7
Donetska,2022-06-12,9
Kharkivska,2022-06-12,13
Luhanska,2022-06-12,6
Mykolaivska,2022-06-12,2
Sumska,2022-06-12,1
Ternopilska,2022-06-12,1
Zaporizka,2022-06-12,2
Dnipropetrovska,2022-06-05,4
Donetska,2022-06-05,20
Kharkivska,2022-06-05,9
Kyivska,2022-06-05,1
Luhanska,2022-06-05,9
Lvivska,2022-06-05,2
Mykolaivska,2022-06-05,3
Odeska,2022-06-05,3
Zaporizka,2022-06-05,1
Dnipropetrovska,2022-05-29,10
Donetska,2022-05-29,23
Kharkivska,2022-05-29,9
Luhanska,2022-05-29,11
Mykolaivska,2022-05-29,3
Sumska,2022-05-29,5
Zaporizka,2022-05-29,14
Dnipropetrovska,2022-05-22,2
Donetska,2022-05-22,29
Kharkivska,2022-05-22,17
Khersonska,2022-05-22,2
Kyivska,2022-05-22,1
Luhanska,2022-05-22,1
Sumska,2022-05-22,1
Zaporizka,2022-05-22,2
Dnipropetrovska,2022-05-15,1
Donetska,2022-05-15,8
Kharkivska,2022-05-15,4
Khersonska,2022-05-15,1
Luhanska,2022-05-15,7
Odeska,2022-05-15,1
Poltavska,2022-05-15,2
Chernihivska,2022-05-08,1
Dnipropetrovska,2022-05-08,6
Donetska,2022-05-08,15
Kharkivska,2022-05-08,4
Kirovohradska,2022-05-08,1
Luhanska,2022-05-08,16
Lvivska,2022-05-08,3
Odeska,2022-05-08,1
Poltavska,2022-05-08,1
Zakarpatska,2022-05-08,2
Dnipropetrovska,2022-05-01,5
Donetska,2022-05-01,10
Kharkivska,2022-05-01,5
Khersonska,2022-05-01,9
Luhanska,2022-05-01,3
Lvivska,2022-05-01,1
Mykolaivska,2022-05-01,1
Rivnenska,2022-05-01,1
Vinnytska,2022-05-01,1
Zaporizka,2022-05-01,2
Dnipropetrovska,2022-04-24,9
Donetska,2022-04-24,19
Kharkivska,2022-04-24,9
Luhanska,2022-04-24,10
Lvivska,2022-04-24,5
Odeska,2022-04-24,1
Poltavska,2022-04-24,2
Zaporizka,2022-04-24,3
Dnipropetrovska,2022-04-17,1
Donetska,2022-04-17,6
Kharkivska,2022-04-17,4
Khersonska,2022-04-17,1
Kirovohradska,2022-04-17,1
Kyivska,2022-04-17,4
Luhanska,2022-04-17,14
Mykolaivska,2022-04-17,1
Poltavska,2022-04-17,1
Zaporizka,2022-04-17,7
Chernihivska,2022-04-10,1
Dnipropetrovska,2022-04-10,2
Donetska,2022-04-10,6
Kharkivska,2022-04-10,10
Kyivska,2022-04-10,1
Luhanska,2022-04-10,7
Mykolaivska,2022-04-10,6
Poltavska,2022-04-10,1
Zaporizka,2022-04-10,4
Zhytomyrska,2022-04-10,2
Chernihivska,2022-04-03,1
Dnipropetrovska,2022-04-03,3
Donetska,2022-04-03,3
Kharkivska,2022-04-03,9
Khmelnytska,2022-04-03,2
Kyiv,2022-04-03,1
Luhanska,2022-04-03,3
Mykolaivska,2022-04-03,1
Odeska,2022-04-03,4
Poltavska,2022-04-03,3
Chernihivska,2022-03-27,2
Dnipropetrovska,2022-03-27,1
Kharkivska,2022-03-27,4
Kyivska,2022-03-27,5
Luhanska,2022-03-27,3
Lvivska,2022-03-27,7
Mykolaivska,2022-03-27,2
Rivnenska,2022-03-27,1
Sumska,2022-03-27,2
Volynska,2022-03-27,2
Zhytomyrska,2022-03-27,2
Chernihivska,2022-03-20,4
Donetska,2022-03-20,10
Kharkivska,2022-03-20,4
Kyiv,2022-03-20,6
Kyivska,2022-03-20,2
Lvivska,2022-03-20,1
Rivnenska,2022-03-20,2
Sumska,2022-03-20,2
Vinnytska,2022-03-20,1
Zaporizka,2022-03-20,1
Zhytomyrska,2022-03-20,1
Chernihivska,2022-03-13,7
Donetska,2022-03-13,5
Kharkivska,2022-03-13,3
Kyivska,2022-03-13,9
Luhanska,2022-03-13,3
Mykolaivska,2022-03-13,5
Sumska,2022-03-13,2
Zaporizka,2022-03-13,1
Zhytomyrska,2022-03-13,6
Chernihivska,2022-03-06,1
Donetska,2022-03-06,2
Kharkivska,2022-03-06,6
Khersonska,2022-03-06,1
Kyiv,2022-03-06,3
Kyivska,2022-03-06,8
Luhanska,2022-03-06,4
Sumska,2022-03-06,2
Vinnytska,2022-03-06,1
Zaporizka,2022-03-06,3
Zhytomyrska,2022-03-06,5
Cherkaska,2022-02-27,2
Chernihivska,2022-02-27,6
Donetska,2022-02-27,2
Kharkivska,2022-02-27,5
Khersonska,2022-02-27,3
Kirovohradska,2022-02-27,1
Kyiv,2022-02-27,1
Kyivska,2022-02-27,2
Luhanska,2022-02-27,2
Mykolaivska,2022-02-27,2
Sumska,2022-02-27,3
Zaporizka,2022-02-27,1
Donetska,2022-02-06,1
